Date,Adj_Close,Close,High,Low,Open,Volume,Ticker
2020-01-02,118573.0,118573.0,118573.0,115649.0,115652.0,5162700,BVSP
2020-01-03,117707.0,117707.0,118792.0,117341.0,118564.0,6834500,BVSP
2020-01-06,116878.0,116878.0,117707.0,116269.0,117707.0,6570000,BVSP
2020-01-07,116662.0,116662.0,117076.0,115965.0,116872.0,4854100,BVSP
2020-01-08,116247.0,116247.0,117335.0,115693.0,116667.0,5910500,BVSP
2020-01-09,115947.0,115947.0,116820.0,115411.0,116248.0,5953500,BVSP
2020-01-10,115503.0,115503.0,116745.0,114952.0,115948.0,4783400,BVSP
2020-01-13,117325.0,117325.0,117333.0,115503.0,115503.0,5685100,BVSP
2020-01-14,117632.0,117632.0,117705.0,116610.0,117325.0,5361700,BVSP
2020-01-15,116414.0,116414.0,117632.0,116188.0,117632.0,5569400,BVSP
2020-01-16,116704.0,116704.0,117106.0,115961.0,116415.0,5422700,BVSP
2020-01-17,118478.0,118478.0,118479.0,116710.0,116710.0,4947200,BVSP
2020-01-20,118862.0,118862.0,118862.0,117928.0,118478.0,3843500,BVSP
2020-01-21,117026.0,117026.0,118861.0,117026.0,118861.0,5085600,BVSP
2020-01-22,118391.0,118391.0,118401.0,117035.0,117035.0,5765700,BVSP
2020-01-23,119528.0,119528.0,119535.0,116906.0,118391.0,6572400,BVSP
2020-01-24,118376.0,118376.0,119593.0,118108.0,119528.0,4778700,BVSP
2020-01-27,114482.0,114482.0,118347.0,114376.0,118347.0,6097800,BVSP
2020-01-28,116479.0,116479.0,116797.0,114475.0,114482.0,5229400,BVSP
2020-01-29,115385.0,115385.0,117171.0,115164.0,116494.0,5097800,BVSP
2020-01-30,115528.0,115528.0,115528.0,112825.0,115375.0,6315600,BVSP
2020-01-31,113761.0,113761.0,115518.0,113148.0,115518.0,6219900,BVSP
2020-02-03,114629.0,114629.0,115299.0,113467.0,113761.0,5512200,BVSP
2020-02-04,115557.0,115557.0,116556.0,114631.0,114631.0,5829400,BVSP
2020-02-05,116028.0,116028.0,117701.0,115562.0,115563.0,7173800,BVSP
2020-02-06,115190.0,115190.0,117382.0,114723.0,116033.0,7382400,BVSP
2020-02-07,113770.0,113770.0,115190.0,113769.0,115190.0,6594100,BVSP
2020-02-10,112570.0,112570.0,114176.0,112134.0,113771.0,7486300,BVSP
2020-02-11,115371.0,115371.0,115576.0,112574.0,112574.0,6767900,BVSP
2020-02-12,116674.0,116674.0,117581.0,115371.0,115371.0,8159200,BVSP
2020-02-13,115662.0,115662.0,116660.0,114801.0,116660.0,5635700,BVSP
2020-02-14,114381.0,114381.0,115663.0,114132.0,115663.0,5335900,BVSP
2020-02-17,115309.0,115309.0,115696.0,114381.0,114381.0,0,BVSP
2020-02-18,114977.0,114977.0,115309.0,113532.0,115309.0,5548400,BVSP
2020-02-19,116518.0,116518.0,116545.0,114774.0,114982.0,6334100,BVSP
2020-02-20,114586.0,114586.0,116552.0,114379.0,116518.0,6793000,BVSP
2020-02-21,113681.0,113681.0,114585.0,112661.0,114585.0,5896200,BVSP
2020-02-26,105718.0,105718.0,113647.0,105053.0,113647.0,9369800,BVSP
2020-02-27,102984.0,102984.0,106656.0,102984.0,105711.0,11237700,BVSP
2020-02-28,104172.0,104172.0,104172.0,99951.0,102984.0,11228400,BVSP
2020-03-02,106625.0,106625.0,107220.0,103779.0,104260.0,8858400,BVSP
2020-03-03,105537.0,105537.0,108804.0,104405.0,106630.0,9385600,BVSP
2020-03-04,107224.0,107224.0,107809.0,105042.0,105540.0,8410500,BVSP
2020-03-05,102233.0,102233.0,107217.0,100536.0,107217.0,8598600,BVSP
2020-03-06,97997.0,97997.0,102231.0,96886.0,102231.0,11864200,BVSP
2020-03-09,86067.0,86067.0,97982.0,85880.0,97982.0,14645500,BVSP
2020-03-10,92214.0,92214.0,92230.0,86071.0,86071.0,13531700,BVSP
2020-03-11,85171.0,85171.0,92202.0,80796.0,92202.0,11786900,BVSP
2020-03-12,72583.0,72583.0,85103.0,68488.0,85103.0,12008700,BVSP
2020-03-13,82678.0,82678.0,83758.0,72621.0,72621.0,15766300,BVSP
2020-03-16,71168.0,71168.0,82565.0,70855.0,82565.0,12847800,BVSP
2020-03-17,74617.0,74617.0,77255.0,70783.0,71178.0,14945900,BVSP
2020-03-18,66895.0,66895.0,74576.0,63547.0,74576.0,16751500,BVSP
2020-03-19,68332.0,68332.0,70071.0,61691.0,66883.0,16144700,BVSP
2020-03-20,67069.0,67069.0,72247.0,66120.0,68344.0,15152400,BVSP
2020-03-23,63570.0,63570.0,67604.0,62161.0,67067.0,11962200,BVSP
2020-03-24,69729.0,69729.0,71535.0,63604.0,63604.0,11679900,BVSP
2020-03-25,74956.0,74956.0,76714.0,69360.0,69727.0,12951100,BVSP
2020-03-26,77710.0,77710.0,78846.0,74923.0,74956.0,12758000,BVSP
2020-03-27,73429.0,73429.0,77708.0,73057.0,77708.0,10301400,BVSP
2020-03-30,74640.0,74640.0,75430.0,73184.0,73431.0,9032200,BVSP
2020-03-31,73020.0,73020.0,75511.0,72385.0,74629.0,11141500,BVSP
2020-04-01,70967.0,70967.0,73011.0,69569.0,73011.0,10093500,BVSP
2020-04-02,72253.0,72253.0,73861.0,70957.0,70969.0,10540200,BVSP
2020-04-03,69538.0,69538.0,72241.0,67802.0,72241.0,10411300,BVSP
2020-04-06,74073.0,74073.0,75260.0,69556.0,69556.0,9685400,BVSP
2020-04-07,76358.0,76358.0,79855.0,74078.0,74078.0,11286500,BVSP
2020-04-08,78625.0,78625.0,79058.0,76115.0,76335.0,10206300,BVSP
2020-04-09,77682.0,77682.0,80428.0,77457.0,78640.0,10748700,BVSP
2020-04-13,78836.0,78836.0,78836.0,76405.0,77682.0,7651300,BVSP
2020-04-14,79918.0,79918.0,81668.0,78848.0,78848.0,8593600,BVSP
2020-04-15,78831.0,78831.0,80035.0,77546.0,79911.0,9758400,BVSP
2020-04-16,77812.0,77812.0,80167.0,77452.0,78837.0,9028400,BVSP
2020-04-17,78990.0,78990.0,79846.0,77754.0,77817.0,8317800,BVSP
2020-04-20,78973.0,78973.0,80106.0,76943.0,78989.0,8874700,BVSP
2020-04-22,80687.0,80687.0,81184.0,78973.0,78973.0,9848900,BVSP
2020-04-23,79673.0,79673.0,81934.0,78622.0,80690.0,10823500,BVSP
2020-04-24,75331.0,75331.0,79667.0,72041.0,79667.0,16529200,BVSP
2020-04-27,78239.0,78239.0,78563.0,75327.0,75334.0,10656900,BVSP
2020-04-28,81312.0,81312.0,81427.0,78243.0,78243.0,12939000,BVSP
2020-04-29,83171.0,83171.0,83598.0,81313.0,81313.0,11719700,BVSP
2020-04-30,80506.0,80506.0,83169.0,80168.0,83169.0,11804600,BVSP
2020-05-04,78876.0,78876.0,80502.0,77640.0,80501.0,8594200,BVSP
2020-05-05,79471.0,79471.0,81066.0,78886.0,78887.0,9154700,BVSP
2020-05-06,79064.0,79064.0,79996.0,78056.0,79473.0,9775900,BVSP
2020-05-07,78119.0,78119.0,80061.0,78061.0,79072.0,13808900,BVSP
2020-05-08,80263.0,80263.0,80557.0,78152.0,78152.0,10734400,BVSP
2020-05-11,79065.0,79065.0,80723.0,78994.0,80263.0,9781900,BVSP
2020-05-12,77872.0,77872.0,80344.0,77872.0,79065.0,10245400,BVSP
2020-05-13,77772.0,77772.0,78911.0,77152.0,77877.0,11575900,BVSP
2020-05-14,79011.0,79011.0,79011.0,75697.0,77770.0,13818900,BVSP
2020-05-15,77557.0,77557.0,79538.0,77426.0,79011.0,11718200,BVSP
2020-05-18,81194.0,81194.0,81420.0,77571.0,77576.0,11533100,BVSP
2020-05-19,80742.0,80742.0,82175.0,80647.0,81197.0,10740100,BVSP
2020-05-20,81319.0,81319.0,82290.0,80740.0,80747.0,9522800,BVSP
2020-05-21,83027.0,83027.0,83309.0,81317.0,81320.0,11395200,BVSP
2020-05-22,82173.0,82173.0,83027.0,81669.0,83027.0,9281200,BVSP
2020-05-25,85663.0,85663.0,85876.0,82193.0,82198.0,8764400,BVSP
2020-05-26,85469.0,85469.0,87333.0,85396.0,85668.0,12030800,BVSP
2020-05-27,87946.0,87946.0,87946.0,85468.0,85468.0,11212000,BVSP
2020-05-28,86949.0,86949.0,88091.0,86767.0,87946.0,10117000,BVSP
2020-05-29,87403.0,87403.0,87410.0,85384.0,86951.0,16550900,BVSP
2020-06-01,88620.0,88620.0,89019.0,86837.0,87395.0,9849400,BVSP
2020-06-02,91046.0,91046.0,91046.0,88622.0,88622.0,11827300,BVSP
2020-06-03,93002.0,93002.0,93710.0,91048.0,91048.0,15137900,BVSP
2020-06-04,93829.0,93829.0,94132.0,92221.0,92993.0,11488000,BVSP
2020-06-05,94637.0,94637.0,97356.0,93839.0,93839.0,13320300,BVSP
2020-06-08,97645.0,97645.0,97693.0,94635.0,94640.0,11096500,BVSP
2020-06-09,96747.0,96747.0,97644.0,95386.0,97644.0,11278800,BVSP
2020-06-10,94686.0,94686.0,97646.0,94665.0,96747.0,11739600,BVSP
2020-06-12,92795.0,92795.0,94703.0,90811.0,94677.0,12785600,BVSP
2020-06-15,92376.0,92376.0,93112.0,90148.0,92780.0,13317500,BVSP
2020-06-16,93531.0,93531.0,95216.0,92387.0,92387.0,12034200,BVSP
2020-06-17,95547.0,95547.0,96611.0,93531.0,93531.0,11134700,BVSP
2020-06-18,96125.0,96125.0,97110.0,94698.0,95547.0,10008500,BVSP
2020-06-19,96572.0,96572.0,97540.0,95874.0,96138.0,13134400,BVSP
2020-06-22,95336.0,95336.0,96870.0,94869.0,96572.0,8264700,BVSP
2020-06-23,95975.0,95975.0,97486.0,95344.0,95344.0,9752700,BVSP
2020-06-24,94377.0,94377.0,95974.0,93259.0,95974.0,9962700,BVSP
2020-06-25,95983.0,95983.0,96260.0,94152.0,94382.0,8697900,BVSP
2020-06-26,93834.0,93834.0,95979.0,93514.0,95979.0,8439100,BVSP
2020-06-29,95735.0,95735.0,95735.0,93825.0,93837.0,8906800,BVSP
2020-06-30,95056.0,95056.0,96257.0,94806.0,95728.0,10144500,BVSP
2020-07-01,96203.0,96203.0,96852.0,95062.0,95062.0,10163300,BVSP
2020-07-02,96235.0,96235.0,97864.0,96052.0,96206.0,10062900,BVSP
2020-07-03,96765.0,96765.0,96765.0,95803.0,96237.0,5351600,BVSP
2020-07-06,98937.0,98937.0,99257.0,96768.0,96776.0,9489400,BVSP
2020-07-07,97761.0,97761.0,98938.0,97272.0,98937.0,8951400,BVSP
2020-07-08,99770.0,99770.0,99973.0,97765.0,97765.0,9142700,BVSP
2020-07-09,99160.0,99160.0,100191.0,98861.0,99770.0,0,BVSP
2020-07-10,100032.0,100032.0,100101.0,98739.0,99160.0,9147200,BVSP
2020-07-13,98697.0,98697.0,100858.0,98697.0,100027.0,10382300,BVSP
2020-07-14,100440.0,100440.0,100632.0,98289.0,98699.0,10019400,BVSP
2020-07-15,101791.0,101791.0,102114.0,100444.0,100444.0,9285600,BVSP
2020-07-16,100553.0,100553.0,101792.0,100160.0,101791.0,8127100,BVSP
2020-07-17,102888.0,102888.0,103017.0,100554.0,100554.0,10429400,BVSP
2020-07-20,104426.0,104426.0,104439.0,102744.0,102888.0,8931800,BVSP
2020-07-21,104310.0,104310.0,105449.0,103732.0,104426.0,11105800,BVSP
2020-07-22,104290.0,104290.0,104980.0,103277.0,104312.0,10833700,BVSP
2020-07-23,102293.0,102293.0,104949.0,102119.0,104291.0,10366600,BVSP
2020-07-24,102382.0,102382.0,102694.0,100859.0,102292.0,9795200,BVSP
2020-07-27,104477.0,104477.0,104585.0,102381.0,102381.0,9622400,BVSP
2020-07-28,104109.0,104109.0,104663.0,103592.0,104477.0,9087100,BVSP
2020-07-29,105605.0,105605.0,105704.0,104112.0,104112.0,9238300,BVSP
2020-07-30,105009.0,105009.0,105607.0,103920.0,105605.0,9591700,BVSP
2020-07-31,102912.0,102912.0,105462.0,102642.0,105010.0,12929300,BVSP
2020-08-03,102830.0,102830.0,103863.0,102304.0,102913.0,10901000,BVSP
2020-08-04,101216.0,101216.0,103012.0,100005.0,102826.0,12029800,BVSP
2020-08-05,102802.0,102802.0,103763.0,101220.0,101220.0,10922100,BVSP
2020-08-06,104126.0,104126.0,104523.0,102733.0,102733.0,9686600,BVSP
2020-08-07,102776.0,102776.0,104126.0,101957.0,104116.0,10337100,BVSP
2020-08-10,103444.0,103444.0,103722.0,101282.0,102776.0,8259500,BVSP
2020-08-11,102174.0,102174.0,104409.0,102174.0,103449.0,9360900,BVSP
2020-08-12,102118.0,102118.0,103116.0,100698.0,102176.0,10114200,BVSP
2020-08-13,100461.0,100461.0,103237.0,100187.0,102118.0,10721300,BVSP
2020-08-14,101353.0,101353.0,101717.0,100445.0,100469.0,8576300,BVSP
2020-08-17,99595.0,99595.0,101689.0,98513.0,101348.0,10816200,BVSP
2020-08-18,102065.0,102065.0,102247.0,99597.0,99597.0,9418700,BVSP
2020-08-19,100854.0,100854.0,102334.0,100800.0,102072.0,10025800,BVSP
2020-08-20,101468.0,101468.0,101749.0,99131.0,100853.0,9405000,BVSP
2020-08-21,101521.0,101521.0,101566.0,100412.0,101460.0,9100200,BVSP
2020-08-24,102298.0,102298.0,102515.0,101525.0,101525.0,7723000,BVSP
2020-08-25,102118.0,102118.0,102708.0,101623.0,102293.0,8170900,BVSP
2020-08-26,100627.0,100627.0,102521.0,99359.0,102119.0,9861200,BVSP
2020-08-27,100624.0,100624.0,101548.0,99857.0,100625.0,7360600,BVSP
2020-08-28,102143.0,102143.0,102347.0,100631.0,100631.0,7665700,BVSP
2020-08-31,99369.0,99369.0,102142.0,99369.0,102142.0,12226100,BVSP
2020-09-01,102168.0,102168.0,102238.0,99382.0,99382.0,9384700,BVSP
2020-09-02,101911.0,101911.0,102824.0,100872.0,102168.0,7557900,BVSP
2020-09-03,100721.0,100721.0,103226.0,99751.0,101911.0,12611000,BVSP
2020-09-04,101242.0,101242.0,101582.0,98961.0,100733.0,11327400,BVSP
2020-09-08,100050.0,100050.0,101239.0,99373.0,101239.0,8479000,BVSP
2020-09-09,101292.0,101292.0,101578.0,100050.0,100050.0,7955600,BVSP
2020-09-10,98835.0,98835.0,101536.0,98687.0,101291.0,8894600,BVSP
2020-09-11,98363.0,98363.0,99435.0,97758.0,98839.0,9107900,BVSP
2020-09-14,100275.0,100275.0,100520.0,98367.0,98367.0,8182100,BVSP
2020-09-15,100298.0,100298.0,100949.0,99647.0,100277.0,9216700,BVSP
2020-09-16,99676.0,99676.0,100663.0,99663.0,100299.0,7139400,BVSP
2020-09-17,100098.0,100098.0,100251.0,98562.0,99674.0,0,BVSP
2020-09-18,98290.0,98290.0,100102.0,98045.0,100098.0,11370300,BVSP
2020-09-21,96991.0,96991.0,98283.0,95820.0,98283.0,9738000,BVSP
2020-09-22,97294.0,97294.0,97684.0,96390.0,96995.0,7281300,BVSP
2020-09-23,95735.0,95735.0,97389.0,95728.0,97294.0,8830700,BVSP
2020-09-24,97012.0,97012.0,97955.0,95653.0,95735.0,9331000,BVSP
2020-09-25,96999.0,96999.0,97012.0,95632.0,97011.0,7351100,BVSP
2020-09-28,94666.0,94666.0,98314.0,94371.0,97005.0,10508900,BVSP
2020-09-29,93580.0,93580.0,95505.0,93408.0,94665.0,8737200,BVSP
2020-09-30,94603.0,94603.0,95340.0,93584.0,93586.0,9454300,BVSP
2020-10-01,95479.0,95479.0,95486.0,93599.0,94604.0,9243500,BVSP
2020-10-02,94016.0,94016.0,95996.0,93897.0,95475.0,8584900,BVSP
2020-10-05,96089.0,96089.0,96414.0,93984.0,94019.0,8616000,BVSP
2020-10-06,95615.0,95615.0,97405.0,95211.0,96091.0,11299600,BVSP
2020-10-07,95526.0,95526.0,96380.0,94881.0,95616.0,9829900,BVSP
2020-10-08,97920.0,97920.0,97938.0,95530.0,95530.0,11163600,BVSP
2020-10-09,97483.0,97483.0,98642.0,97161.0,97924.0,10810500,BVSP
2020-10-13,98503.0,98503.0,98998.0,97336.0,97483.0,7867500,BVSP
2020-10-14,99334.0,99334.0,99571.0,98501.0,98502.0,8891000,BVSP
2020-10-15,99054.0,99054.0,99486.0,97778.0,99328.0,8335200,BVSP
2020-10-16,98309.0,98309.0,99172.0,98309.0,99054.0,7840200,BVSP
2020-10-19,98658.0,98658.0,99917.0,98310.0,98310.0,9929400,BVSP
2020-10-20,100540.0,100540.0,100722.0,98664.0,98664.0,8796000,BVSP
2020-10-21,100552.0,100552.0,101586.0,100149.0,100541.0,8661100,BVSP
2020-10-22,101918.0,101918.0,102020.0,100457.0,100553.0,9556900,BVSP
2020-10-23,101260.0,101260.0,102218.0,101188.0,101918.0,7561100,BVSP
2020-10-26,101017.0,101017.0,101784.0,99762.0,101260.0,8070400,BVSP
2020-10-27,99606.0,99606.0,101660.0,99414.0,101017.0,8672300,BVSP
2020-10-28,95369.0,95369.0,99598.0,95369.0,99598.0,11051600,BVSP
2020-10-29,96582.0,96582.0,96688.0,93387.0,95368.0,12704400,BVSP
2020-10-30,93952.0,93952.0,96579.0,93559.0,96579.0,10643200,BVSP
2020-11-03,95587.0,95587.0,96250.0,93968.0,93968.0,10191800,BVSP
2020-11-04,97811.0,97811.0,98296.0,95987.0,95992.0,10704600,BVSP
2020-11-05,100774.0,100774.0,100922.0,97872.0,97873.0,10455300,BVSP
2020-11-06,100799.0,100799.0,100928.0,99837.0,100751.0,8382800,BVSP
2020-11-09,103913.0,103913.0,105147.0,100954.0,100954.0,17410500,BVSP
2020-11-10,105351.0,105351.0,105758.0,103453.0,103516.0,16665200,BVSP
2020-11-11,104532.0,104532.0,105462.0,104143.0,105067.0,10841000,BVSP
2020-11-12,102175.0,102175.0,105019.0,102034.0,104810.0,10860300,BVSP
2020-11-13,104512.0,104512.0,104707.0,102509.0,102509.0,9772100,BVSP
2020-11-16,106430.0,106430.0,106518.0,104729.0,104729.0,11724300,BVSP
2020-11-17,107229.0,107229.0,107810.0,105847.0,106430.0,10311000,BVSP
2020-11-18,106483.0,106483.0,107467.0,106217.0,107246.0,10337300,BVSP
2020-11-19,106517.0,106517.0,106973.0,105545.0,106117.0,8555700,BVSP
2020-11-23,107379.0,107379.0,107495.0,106050.0,106050.0,9686000,BVSP
2020-11-24,109786.0,109786.0,109956.0,107361.0,107378.0,11934800,BVSP
2020-11-25,110133.0,110133.0,110596.0,109315.0,109786.0,8564700,BVSP
2020-11-26,110227.0,110227.0,110245.0,109418.0,110133.0,6166800,BVSP
2020-11-27,110575.0,110575.0,111603.0,110161.0,110229.0,8790300,BVSP
2020-11-30,108888.0,108888.0,110934.0,108829.0,110598.0,19300000,BVSP
2020-12-01,111335.0,111335.0,111840.0,108897.0,108897.0,11324800,BVSP
2020-12-02,111814.0,111814.0,112315.0,110579.0,111402.0,9814300,BVSP
2020-12-03,112919.0,112919.0,113377.0,111874.0,111874.0,11474200,BVSP
2020-12-04,113682.0,113682.0,113864.0,112294.0,112294.0,8892900,BVSP
2020-12-07,113625.0,113625.0,114531.0,112629.0,113751.0,9633900,BVSP
2020-12-08,113571.0,113571.0,114381.0,112820.0,113590.0,8810900,BVSP
2020-12-09,112722.0,112722.0,114020.0,112567.0,113799.0,8431100,BVSP
2020-12-10,114992.0,114992.0,115262.0,112732.0,113002.0,11803600,BVSP
2020-12-11,115323.0,115323.0,115527.0,113949.0,115128.0,8372300,BVSP
2020-12-14,114975.0,114975.0,115740.0,114431.0,115137.0,8190900,BVSP
2020-12-15,116146.0,116146.0,116390.0,114613.0,114613.0,8195100,BVSP
2020-12-16,117947.0,117947.0,118178.0,115496.0,116149.0,9808100,BVSP
2020-12-17,118157.0,118157.0,119027.0,117856.0,117864.0,7701400,BVSP
2020-12-18,117679.0,117679.0,119370.0,117639.0,118395.0,8636000,BVSP
2020-12-21,116016.0,116016.0,118021.0,114730.0,118021.0,10347100,BVSP
2020-12-22,116348.0,116348.0,116903.0,115648.0,115825.0,6947900,BVSP
2020-12-23,117857.0,117857.0,118311.0,116636.0,116636.0,6483300,BVSP
2020-12-28,119051.0,119051.0,119213.0,117805.0,117806.0,7171700,BVSP
2020-12-29,119475.0,119475.0,119861.0,118750.0,119130.0,6769700,BVSP
2020-12-30,119306.0,119306.0,120150.0,118919.0,119410.0,8235700,BVSP
2021-01-04,118558.0,118558.0,120354.0,118062.0,119024.0,8741400,BVSP
2021-01-05,119223.0,119223.0,119790.0,116756.0,118835.0,9257100,BVSP
2021-01-06,119851.0,119851.0,120924.0,118917.0,119377.0,11638200,BVSP
2021-01-07,121956.0,121956.0,121983.0,119101.0,119103.0,11774800,BVSP
2021-01-08,125077.0,125077.0,125324.0,122386.0,122387.0,11085800,BVSP
2021-01-11,122807.0,122807.0,125075.0,122506.0,125075.0,9537600,BVSP
2021-01-12,123998.0,123998.0,124584.0,123227.0,123255.0,8949000,BVSP
2021-01-13,122040.0,122040.0,124032.0,121016.0,123996.0,10291500,BVSP
2021-01-14,123481.0,123481.0,123896.0,121947.0,121947.0,8974400,BVSP
2021-01-15,120502.0,120502.0,123472.0,120374.0,123472.0,9387600,BVSP
2021-01-18,121242.0,121242.0,122586.0,120351.0,120351.0,7223100,BVSP
2021-01-19,120673.0,120673.0,122120.0,119257.0,121250.0,7886000,BVSP
2021-01-20,119708.0,119708.0,121449.0,118740.0,120645.0,7947300,BVSP
2021-01-21,118443.0,118443.0,120243.0,117785.0,119628.0,8573900,BVSP
2021-01-22,117172.0,117172.0,118318.0,116109.0,118318.0,9373100,BVSP
2021-01-26,116464.0,116464.0,119167.0,116109.0,117381.0,10681400,BVSP
2021-01-27,115882.0,115882.0,117840.0,114887.0,116463.0,12380400,BVSP
2021-01-28,119314.0,119314.0,119314.0,115734.0,115882.0,12065900,BVSP
2021-01-29,116007.0,116007.0,118880.0,115299.0,118880.0,10965200,BVSP
2021-02-01,117365.0,117365.0,117862.0,115093.0,115093.0,8716500,BVSP
2021-02-02,118234.0,118234.0,119805.0,117519.0,117520.0,11625900,BVSP
2021-02-03,119725.0,119725.0,120210.0,118234.0,118235.0,8704300,BVSP
2021-02-04,119261.0,119261.0,120560.0,118918.0,119728.0,8100700,BVSP
2021-02-05,119925.0,119925.0,121117.0,119261.0,119261.0,8208400,BVSP
2021-02-08,119516.0,119516.0,120844.0,119140.0,120239.0,8619100,BVSP
2021-02-09,119429.0,119429.0,119975.0,118246.0,119696.0,7913500,BVSP
2021-02-10,118430.0,118430.0,119738.0,117970.0,119472.0,8644600,BVSP
2021-02-11,119235.0,119235.0,120283.0,118440.0,118440.0,7567400,BVSP
2021-02-12,119116.0,119116.0,119763.0,118163.0,119300.0,7655900,BVSP
2021-02-17,120391.0,120391.0,120573.0,118880.0,119421.0,8326100,BVSP
2021-02-18,119140.0,119140.0,120845.0,118515.0,120361.0,10720600,BVSP
2021-02-19,118748.0,118748.0,119250.0,117867.0,119199.0,10402800,BVSP
2021-02-22,112668.0,112668.0,118388.0,111650.0,118388.0,21768700,BVSP
2021-02-23,115227.0,115227.0,115380.0,112667.0,112676.0,15174900,BVSP
2021-02-24,115668.0,115668.0,116208.0,114668.0,115229.0,11399300,BVSP
2021-02-25,112256.0,112256.0,116506.0,111764.0,115668.0,12466500,BVSP
2021-02-26,110035.0,110035.0,113466.0,109827.0,112260.0,14618500,BVSP
2021-03-01,110335.0,110335.0,112445.0,110036.0,110036.0,11239900,BVSP
2021-03-02,111540.0,111540.0,112428.0,107319.0,110328.0,14823200,BVSP
2021-03-03,111184.0,111184.0,112398.0,107466.0,111529.0,15144300,BVSP
2021-03-04,112690.0,112690.0,114433.0,111163.0,111191.0,14221600,BVSP
2021-03-05,115202.0,115202.0,115504.0,112504.0,112690.0,13254800,BVSP
2021-03-08,110612.0,110612.0,115202.0,110268.0,115202.0,0,BVSP
2021-03-09,111331.0,111331.0,112525.0,109343.0,110611.0,12135300,BVSP
2021-03-10,112776.0,112776.0,112928.0,109999.0,111331.0,12511800,BVSP
2021-03-11,114984.0,114984.0,115127.0,112776.0,112782.0,12092100,BVSP
2021-03-12,114160.0,114160.0,114984.0,113253.0,114984.0,8110700,BVSP
2021-03-15,114851.0,114851.0,114903.0,113635.0,114093.0,8224700,BVSP
2021-03-16,114019.0,114019.0,114974.0,113370.0,114845.0,78000,BVSP
2021-03-17,116549.0,116549.0,116736.0,113428.0,114018.0,94300,BVSP
2021-03-18,114835.0,114835.0,116751.0,114302.0,116549.0,9920100,BVSP
2021-03-19,116222.0,116222.0,116446.0,114610.0,114837.0,12341800,BVSP
2021-03-22,114979.0,114979.0,116225.0,113620.0,116222.0,8160600,BVSP
2021-03-23,113262.0,113262.0,115599.0,113062.0,114977.0,8301500,BVSP
2021-03-24,112064.0,112064.0,114823.0,112064.0,113272.0,9834000,BVSP
2021-03-25,113750.0,113750.0,114024.0,110927.0,112065.0,10306500,BVSP
2021-03-26,114781.0,114781.0,115416.0,113305.0,113750.0,8659500,BVSP
2021-03-29,115419.0,115419.0,115553.0,114096.0,114776.0,7463300,BVSP
2021-03-30,116850.0,116850.0,117090.0,114999.0,115414.0,8141600,BVSP
2021-03-31,116634.0,116634.0,117249.0,115932.0,116850.0,10659200,BVSP
2021-04-01,115253.0,115253.0,117088.0,114991.0,116644.0,8009200,BVSP
2021-04-05,117518.0,117518.0,117668.0,115262.0,115262.0,7245100,BVSP
2021-04-06,117499.0,117499.0,118213.0,117176.0,117519.0,6800800,BVSP
2021-04-07,117624.0,117624.0,118303.0,116748.0,117499.0,0,BVSP
2021-04-08,118313.0,118313.0,118850.0,117486.0,117624.0,8778200,BVSP
2021-04-09,117670.0,117670.0,118643.0,117336.0,118313.0,7739400,BVSP
2021-04-12,118812.0,118812.0,118812.0,117661.0,117661.0,7000500,BVSP
2021-04-13,119297.0,119297.0,119529.0,118041.0,118809.0,8977600,BVSP
2021-04-14,120295.0,120295.0,120871.0,119298.0,119298.0,10076600,BVSP
2021-04-15,120701.0,120701.0,121409.0,120084.0,120290.0,7948100,BVSP
2021-04-16,121114.0,121114.0,121333.0,120199.0,120701.0,7945600,BVSP
2021-04-19,120934.0,120934.0,121974.0,120682.0,121116.0,10028100,BVSP
2021-04-20,120062.0,120062.0,121354.0,119841.0,120925.0,7811500,BVSP
2021-04-22,119371.0,119371.0,120995.0,119203.0,120064.0,8598600,BVSP
2021-04-23,120530.0,120530.0,120815.0,119372.0,119372.0,7615500,BVSP
2021-04-26,120595.0,120595.0,121393.0,119860.0,120534.0,7095300,BVSP
2021-04-27,119388.0,119388.0,121012.0,119003.0,120595.0,8362300,BVSP
2021-04-28,121053.0,121053.0,121276.0,119392.0,119392.0,9081500,BVSP
2021-04-29,120066.0,120066.0,121498.0,119703.0,121053.0,8500200,BVSP
2021-04-30,118894.0,118894.0,120125.0,118894.0,120064.0,11093200,BVSP
2021-05-03,119209.0,119209.0,119904.0,118528.0,118951.0,8888300,BVSP
2021-05-04,117712.0,117712.0,119293.0,117631.0,119209.0,8765500,BVSP
2021-05-05,119564.0,119564.0,119734.0,117725.0,117725.0,9059100,BVSP
2021-05-06,119921.0,119921.0,119966.0,119071.0,119577.0,8779600,BVSP
2021-05-07,122038.0,122038.0,122038.0,119922.0,119922.0,8865100,BVSP
2021-05-10,121909.0,121909.0,122772.0,121795.0,122038.0,8219100,BVSP
2021-05-11,122964.0,122964.0,122964.0,120145.0,121904.0,7988600,BVSP
2021-05-12,119710.0,119710.0,122964.0,119458.0,122964.0,9405200,BVSP
2021-05-13,120706.0,120706.0,121426.0,119711.0,119711.0,9356200,BVSP
2021-05-14,121881.0,121881.0,122195.0,120719.0,120719.0,10136300,BVSP
2021-05-17,122938.0,122938.0,123074.0,121680.0,121880.0,7408100,BVSP
2021-05-18,122980.0,122980.0,123544.0,122550.0,122937.0,7840100,BVSP
2021-05-19,122636.0,122636.0,123013.0,121595.0,122976.0,8825300,BVSP
2021-05-20,122701.0,122701.0,122734.0,122136.0,122636.0,7906400,BVSP
2021-05-21,122592.0,122592.0,122799.0,121760.0,122701.0,9493600,BVSP
2021-05-24,124032.0,124032.0,124167.0,122526.0,122592.0,8186300,BVSP
2021-05-25,122988.0,122988.0,124696.0,122701.0,124032.0,8914500,BVSP
2021-05-26,123989.0,123989.0,124256.0,122988.0,122988.0,8258400,BVSP
2021-05-27,124367.0,124367.0,124537.0,123470.0,123989.0,0,BVSP
2021-05-28,125561.0,125561.0,125698.0,124284.0,124367.0,8838500,BVSP
2021-05-31,126216.0,126216.0,126216.0,125540.0,125561.0,5946500,BVSP
2021-06-01,128267.0,128267.0,128363.0,126218.0,126218.0,12496100,BVSP
2021-06-02,129601.0,129601.0,129601.0,128167.0,128268.0,12781100,BVSP
2021-06-04,130126.0,130126.0,130137.0,129148.0,129600.0,9814800,BVSP
2021-06-07,130776.0,130776.0,131190.0,129498.0,130125.0,9655400,BVSP
2021-06-08,129787.0,129787.0,130776.0,129230.0,130776.0,10346600,BVSP
2021-06-09,129907.0,129907.0,130882.0,129281.0,129800.0,9833700,BVSP
2021-06-10,130076.0,130076.0,130527.0,129526.0,129911.0,8537900,BVSP
2021-06-11,129441.0,129441.0,130294.0,128678.0,130076.0,7748200,BVSP
2021-06-14,130208.0,130208.0,131084.0,129441.0,129441.0,8155700,BVSP
2021-06-15,130091.0,130091.0,130436.0,129304.0,130208.0,7211500,BVSP
2021-06-16,129259.0,129259.0,130283.0,128345.0,130091.0,12879400,BVSP
2021-06-17,128057.0,128057.0,129919.0,127576.0,129259.0,9664700,BVSP
2021-06-18,128405.0,128405.0,128796.0,127595.0,128050.0,12432000,BVSP
2021-06-21,129265.0,129265.0,129412.0,128048.0,128405.0,7333600,BVSP
2021-06-22,128767.0,128767.0,129259.0,127803.0,129242.0,9328000,BVSP
2021-06-23,128428.0,128428.0,129901.0,128182.0,128769.0,7988900,BVSP
2021-06-24,129514.0,129514.0,129541.0,128428.0,128433.0,7237000,BVSP
2021-06-25,127256.0,127256.0,129748.0,126697.0,129513.0,9363800,BVSP
2021-06-28,127429.0,127429.0,128067.0,126629.0,127255.0,8155600,BVSP
2021-06-29,127327.0,127327.0,127507.0,126184.0,127429.0,7777900,BVSP
2021-06-30,126802.0,126802.0,127323.0,126199.0,127323.0,9098600,BVSP
2021-07-01,125666.0,125666.0,127204.0,124994.0,126802.0,9292000,BVSP
2021-07-02,127622.0,127622.0,127672.0,125667.0,125667.0,7434800,BVSP
2021-07-05,126920.0,126920.0,127633.0,126531.0,127622.0,5255600,BVSP
2021-07-06,125095.0,125095.0,126919.0,124866.0,126919.0,7651300,BVSP
2021-07-07,127019.0,127019.0,127249.0,125094.0,125096.0,8151400,BVSP
2021-07-08,125428.0,125428.0,127013.0,124310.0,127013.0,8881400,BVSP
2021-07-12,127594.0,127594.0,127782.0,125428.0,125428.0,7421600,BVSP
2021-07-13,128168.0,128168.0,128420.0,126441.0,127594.0,7152000,BVSP
2021-07-14,128407.0,128407.0,129620.0,128085.0,128169.0,0,BVSP
2021-07-15,127468.0,127468.0,128976.0,126922.0,128407.0,7418600,BVSP
2021-07-16,125960.0,125960.0,128010.0,125808.0,127468.0,7355800,BVSP
2021-07-19,124395.0,124395.0,125958.0,123317.0,125958.0,9210200,BVSP
2021-07-20,125401.0,125401.0,125631.0,123631.0,124395.0,7627500,BVSP
2021-07-21,125929.0,125929.0,126112.0,125247.0,125404.0,7148900,BVSP
2021-07-22,126147.0,126147.0,126428.0,125416.0,125930.0,6480400,BVSP
2021-07-23,125053.0,125053.0,126204.0,124422.0,126140.0,6051800,BVSP
2021-07-26,126004.0,126004.0,126214.0,125006.0,125058.0,6325500,BVSP
2021-07-27,124612.0,124612.0,126026.0,123670.0,126004.0,7313800,BVSP
2021-07-28,126286.0,126286.0,126712.0,124542.0,124615.0,9038200,BVSP
2021-07-29,125675.0,125675.0,126476.0,124917.0,126285.0,7488400,BVSP
2021-07-30,121801.0,121801.0,125673.0,121748.0,125672.0,9399200,BVSP
2021-08-02,122516.0,122516.0,124536.0,121797.0,121803.0,8565400,BVSP
2021-08-03,123577.0,123577.0,123765.0,120807.0,122516.0,9391300,BVSP
2021-08-04,121801.0,121801.0,123587.0,121072.0,123577.0,9164200,BVSP
2021-08-05,121633.0,121633.0,123541.0,121128.0,121801.0,10913000,BVSP
2021-08-06,122810.0,122810.0,123287.0,121568.0,121633.0,7499200,BVSP
2021-08-09,123019.0,123019.0,123597.0,122258.0,122809.0,7171500,BVSP
2021-08-10,122202.0,122202.0,123513.0,122061.0,123021.0,8297600,BVSP
2021-08-11,122056.0,122056.0,122756.0,120827.0,122203.0,8685200,BVSP
2021-08-12,120701.0,120701.0,122095.0,120534.0,122056.0,11066000,BVSP
2021-08-13,121194.0,121194.0,121275.0,120045.0,120701.0,10642200,BVSP
2021-08-16,119180.0,119180.0,121191.0,118684.0,121191.0,9741700,BVSP
2021-08-17,117904.0,117904.0,119179.0,116248.0,119179.0,11218200,BVSP
2021-08-18,116643.0,116643.0,118739.0,116489.0,117904.0,11745800,BVSP
2021-08-19,117165.0,117165.0,117453.0,114801.0,116641.0,10525900,BVSP
2021-08-20,118053.0,118053.0,118308.0,116040.0,117163.0,8929300,BVSP
2021-08-23,117472.0,117472.0,118445.0,117062.0,118053.0,7853000,BVSP
2021-08-24,120211.0,120211.0,120463.0,117474.0,117474.0,9181000,BVSP
2021-08-25,120818.0,120818.0,120818.0,119226.0,120210.0,7520100,BVSP
2021-08-26,118724.0,118724.0,120833.0,118719.0,120817.0,8426900,BVSP
2021-08-27,120678.0,120678.0,120678.0,118721.0,118725.0,7323600,BVSP
2021-08-30,119740.0,119740.0,120684.0,119354.0,120677.0,6391900,BVSP
2021-08-31,118781.0,118781.0,120157.0,117911.0,119738.0,11535600,BVSP
2021-09-01,119396.0,119396.0,119942.0,118067.0,118793.0,9523000,BVSP
2021-09-02,116677.0,116677.0,119397.0,116534.0,119394.0,9862800,BVSP
2021-09-03,116933.0,116933.0,117396.0,115583.0,116679.0,12517500,BVSP
2021-09-06,117869.0,117869.0,117981.0,116156.0,116926.0,5111300,BVSP
2021-09-08,113413.0,113413.0,117866.0,113172.0,117866.0,12254400,BVSP
2021-09-09,115361.0,115361.0,116354.0,112435.0,113413.0,13890600,BVSP
2021-09-10,114286.0,114286.0,116896.0,114286.0,115370.0,11155700,BVSP
2021-09-13,116404.0,116404.0,117046.0,114300.0,114300.0,9253400,BVSP
2021-09-14,116181.0,116181.0,117270.0,115809.0,116405.0,9034100,BVSP
2021-09-15,115063.0,115063.0,116312.0,114741.0,116191.0,9456800,BVSP
2021-09-16,113794.0,113794.0,115062.0,113395.0,115062.0,10685500,BVSP
2021-09-17,111439.0,111439.0,113794.0,111157.0,113794.0,14827600,BVSP
2021-09-20,108844.0,108844.0,111435.0,107520.0,111435.0,11500200,BVSP
2021-09-21,110250.0,110250.0,110923.0,108859.0,108859.0,11247700,BVSP
2021-09-22,112282.0,112282.0,113321.0,110251.0,110252.0,12158600,BVSP
2021-09-23,114064.0,114064.0,114330.0,112281.0,112282.0,11476300,BVSP
2021-09-24,113283.0,113283.0,114062.0,112505.0,114062.0,9121200,BVSP
2021-09-27,113583.0,113583.0,114432.0,112360.0,113283.0,10739700,BVSP
2021-09-28,110124.0,110124.0,113584.0,109981.0,113584.0,13190800,BVSP
2021-09-29,111107.0,111107.0,112028.0,110125.0,110125.0,11372600,BVSP
2021-09-30,110979.0,110979.0,112371.0,110743.0,111117.0,13160600,BVSP
2021-10-01,112900.0,112900.0,113020.0,110980.0,110980.0,10779100,BVSP
2021-10-04,110393.0,110393.0,112900.0,109979.0,112900.0,11814200,BVSP
2021-10-05,110458.0,110458.0,111691.0,110087.0,110397.0,10379000,BVSP
2021-10-06,110560.0,110560.0,110614.0,108180.0,110454.0,13279200,BVSP
2021-10-07,110585.0,110585.0,111522.0,110563.0,110563.0,10646000,BVSP
2021-10-08,112833.0,112833.0,114172.0,110586.0,110586.0,12871400,BVSP
2021-10-11,112180.0,112180.0,113982.0,112052.0,112834.0,10283700,BVSP
2021-10-13,113456.0,113456.0,114159.0,111807.0,112180.0,11732700,BVSP
2021-10-14,113185.0,113185.0,113881.0,112708.0,113457.0,8956200,BVSP
2021-10-15,114648.0,114648.0,114776.0,113049.0,113189.0,11174900,BVSP
2021-10-18,114428.0,114428.0,114927.0,112841.0,114647.0,11201300,BVSP
2021-10-19,110673.0,110673.0,114422.0,109947.0,114422.0,14129200,BVSP
2021-10-20,110786.0,110786.0,112023.0,110176.0,110677.0,11735800,BVSP
2021-10-21,107735.0,107735.0,110767.0,105714.0,110767.0,16507700,BVSP
2021-10-22,106296.0,106296.0,107749.0,102854.0,107714.0,21165700,BVSP
2021-10-25,108715.0,108715.0,109372.0,106296.0,106298.0,11512100,BVSP
2021-10-26,106420.0,106420.0,108713.0,106321.0,108713.0,10762200,BVSP
2021-10-27,106363.0,106363.0,108224.0,106045.0,106433.0,10831300,BVSP
2021-10-28,105705.0,105705.0,107210.0,105282.0,106369.0,11502900,BVSP
2021-10-29,103501.0,103501.0,105954.0,103430.0,105707.0,12595800,BVSP
2021-11-01,105551.0,105551.0,106136.0,103514.0,103514.0,10734800,BVSP
2021-11-03,105617.0,105617.0,106754.0,104205.0,105547.0,14696900,BVSP
2021-11-04,103412.0,103412.0,105627.0,102835.0,105617.0,12084000,BVSP
2021-11-05,104824.0,104824.0,105555.0,103412.0,103412.0,12595000,BVSP
2021-11-08,104781.0,104781.0,105679.0,104182.0,104824.0,9358000,BVSP
2021-11-09,105535.0,105535.0,106674.0,104783.0,104783.0,11021200,BVSP
2021-11-10,105968.0,105968.0,107407.0,105140.0,105535.0,12277400,BVSP
2021-11-11,107725.0,107725.0,108669.0,105988.0,105988.0,12661400,BVSP
2021-11-12,106312.0,106312.0,107915.0,105842.0,107576.0,13248100,BVSP
2021-11-16,104508.0,104508.0,106971.0,104113.0,106336.0,11579400,BVSP
2021-11-17,102945.0,102945.0,105535.0,102551.0,104405.0,12832200,BVSP
2021-11-18,102524.0,102524.0,103757.0,102014.0,102948.0,10905700,BVSP
2021-11-19,103035.0,103035.0,103975.0,102143.0,102426.0,11101500,BVSP
2021-11-22,102122.0,102122.0,104613.0,102122.0,103036.0,10410000,BVSP
2021-11-23,103663.0,103663.0,103692.0,101736.0,102124.0,13032400,BVSP
2021-11-24,104514.0,104514.0,105041.0,102464.0,103652.0,10466600,BVSP
2021-11-25,105811.0,105811.0,106400.0,104514.0,104514.0,7890400,BVSP
2021-11-26,102224.0,102224.0,105810.0,101495.0,105810.0,10969100,BVSP
2021-11-29,102814.0,102814.0,104149.0,102226.0,102227.0,10283300,BVSP
2021-11-30,101915.0,101915.0,103066.0,100075.0,102814.0,18195100,BVSP
2021-12-01,100775.0,100775.0,104087.0,100727.0,101916.0,13762900,BVSP
2021-12-02,104466.0,104466.0,104466.0,100785.0,100785.0,14846500,BVSP
2021-12-03,105070.0,105070.0,106814.0,104090.0,104467.0,14581500,BVSP
2021-12-06,106859.0,106859.0,107498.0,105070.0,105070.0,11127500,BVSP
2021-12-07,107558.0,107558.0,108655.0,106868.0,106868.0,11773100,BVSP
2021-12-08,108096.0,108096.0,108521.0,107309.0,107558.0,13166800,BVSP
2021-12-09,106291.0,106291.0,106754.0,105890.0,106573.0,11082900,BVSP
2021-12-10,107758.0,107758.0,108275.0,106296.0,106296.0,10466000,BVSP
2021-12-13,107383.0,107383.0,109493.0,107383.0,107758.0,12512300,BVSP
2021-12-14,106760.0,106760.0,109148.0,106445.0,107387.0,11604300,BVSP
2021-12-15,107370.0,107370.0,107603.0,105697.0,106763.0,12663100,BVSP
2021-12-16,108212.0,108212.0,109034.0,107433.0,107433.0,13754600,BVSP
2021-12-17,107201.0,107201.0,108324.0,106518.0,108324.0,14934300,BVSP
2021-12-20,105020.0,105020.0,107171.0,104358.0,107171.0,10570000,BVSP
2021-12-21,105500.0,105500.0,105906.0,105020.0,105020.0,9041600,BVSP
2021-12-22,105244.0,105244.0,105711.0,104386.0,105499.0,8052900,BVSP
2021-12-23,104891.0,104891.0,105453.0,104637.0,105251.0,7283600,BVSP
2021-12-27,105531.0,105531.0,105694.0,104798.0,104892.0,7594900,BVSP
2021-12-28,104864.0,104864.0,105652.0,104503.0,105555.0,7509000,BVSP
2021-12-29,104107.0,104107.0,105190.0,103851.0,104863.0,6590000,BVSP
2021-12-30,104822.0,104822.0,105269.0,104106.0,104106.0,11138100,BVSP
2022-01-03,103922.0,103922.0,106125.0,103413.0,104823.0,11128500,BVSP
2022-01-04,103514.0,103514.0,104276.0,103096.0,103922.0,11491600,BVSP
2022-01-05,101006.0,101006.0,103514.0,100850.0,103514.0,0,BVSP
2022-01-06,101561.0,101561.0,102235.0,101000.0,101006.0,11749200,BVSP
2022-01-07,102719.0,102719.0,102719.0,101104.0,101561.0,11733200,BVSP
2022-01-10,101945.0,101945.0,102719.0,101038.0,102719.0,10264700,BVSP
2022-01-11,103779.0,103779.0,103780.0,101918.0,101946.0,12421500,BVSP
2022-01-12,105686.0,105686.0,105869.0,103771.0,103779.0,13026500,BVSP
2022-01-13,105530.0,105530.0,106251.0,104974.0,105686.0,11712300,BVSP
2022-01-14,106928.0,106928.0,107062.0,105028.0,105530.0,11457100,BVSP
2022-01-17,106692.0,106692.0,106928.0,106097.0,106927.0,6924200,BVSP
2022-01-18,106522.0,106522.0,107013.0,105786.0,106369.0,11221900,BVSP
2022-01-19,108013.0,108013.0,108602.0,106669.0,106670.0,12595600,BVSP
2022-01-20,109102.0,109102.0,109873.0,108015.0,108015.0,13630500,BVSP
2022-01-21,108942.0,108942.0,109786.0,108368.0,109097.0,13408400,BVSP
2022-01-24,107752.0,107752.0,108948.0,106624.0,108941.0,12700800,BVSP
2022-01-25,109845.0,109845.0,110115.0,107185.0,107935.0,13713900,BVSP
2022-01-26,111573.0,111573.0,112695.0,110204.0,110207.0,15513800,BVSP
2022-01-27,112315.0,112315.0,113057.0,111303.0,111303.0,14812000,BVSP
2022-01-28,111478.0,111478.0,112969.0,111407.0,112611.0,13520100,BVSP
2022-01-31,112388.0,112388.0,112495.0,111195.0,111910.0,12190800,BVSP
2022-02-01,113147.0,113147.0,113302.0,112135.0,112143.0,11133300,BVSP
2022-02-02,112161.0,112161.0,113666.0,111645.0,113228.0,11751200,BVSP
2022-02-03,111696.0,111696.0,112502.0,111225.0,111897.0,11039700,BVSP
2022-02-04,112245.0,112245.0,112415.0,110321.0,111696.0,0,BVSP
2022-02-07,111996.0,111996.0,112517.0,111490.0,112247.0,10672800,BVSP
2022-02-08,112234.0,112234.0,112251.0,110943.0,111995.0,10157500,BVSP
2022-02-09,112461.0,112461.0,113163.0,111710.0,112233.0,13794500,BVSP
2022-02-10,113359.0,113359.0,113812.0,112163.0,112462.0,13267900,BVSP
2022-02-11,113572.0,113572.0,114899.0,113128.0,113368.0,18602800,BVSP
2022-02-14,113807.0,113807.0,114167.0,113358.0,113643.0,10757600,BVSP
2022-02-15,114660.0,114660.0,114819.0,113882.0,113905.0,11649600,BVSP
2022-02-16,115181.0,115181.0,115734.0,114816.0,114830.0,12052100,BVSP
2022-02-17,113528.0,113528.0,115214.0,113389.0,115181.0,10807500,BVSP
2022-02-18,112768.0,112768.0,114213.0,112701.0,113534.0,11300700,BVSP
2022-02-21,111725.0,111725.0,113405.0,111608.0,112880.0,7864900,BVSP
2022-02-22,112892.0,112892.0,113315.0,111727.0,111727.0,12707000,BVSP
2022-02-23,112008.0,112008.0,113721.0,111748.0,112892.0,12120600,BVSP
2022-02-24,111592.0,111592.0,112001.0,109125.0,112001.0,16794700,BVSP
2022-02-25,113142.0,113142.0,113142.0,110673.0,111591.0,17555700,BVSP
2022-03-02,115174.0,115174.0,115429.0,113143.0,113143.0,0,BVSP
2022-03-03,115166.0,115166.0,115948.0,115010.0,115173.0,12123000,BVSP
2022-03-04,114474.0,114474.0,115166.0,113389.0,115166.0,10715700,BVSP
2022-03-07,111593.0,111593.0,114529.0,111140.0,114469.0,14057700,BVSP
2022-03-08,111203.0,111203.0,112390.0,110969.0,111594.0,15698500,BVSP
2022-03-09,113900.0,113900.0,114051.0,111207.0,111210.0,14705400,BVSP
2022-03-10,113663.0,113663.0,113939.0,111889.0,113900.0,12984000,BVSP
2022-03-11,111713.0,111713.0,114627.0,111332.0,113664.0,12475800,BVSP
2022-03-14,109928.0,109928.0,112299.0,109717.0,111716.0,10480900,BVSP
2022-03-15,108959.0,108959.0,109925.0,107781.0,109925.0,13653800,BVSP
2022-03-16,111112.0,111112.0,111183.0,108958.0,108958.0,13205200,BVSP
2022-03-17,113076.0,113076.0,113088.0,111070.0,111113.0,14407500,BVSP
2022-03-18,115311.0,115311.0,115311.0,112475.0,113076.0,19552500,BVSP
2022-03-21,116155.0,116155.0,116360.0,115208.0,115307.0,10378700,BVSP
2022-03-22,117272.0,117272.0,117541.0,116157.0,116157.0,11382700,BVSP
2022-03-23,117457.0,117457.0,118270.0,117036.0,117270.0,11083700,BVSP
2022-03-24,119053.0,119053.0,119256.0,117151.0,117460.0,13474400,BVSP
2022-03-25,119081.0,119081.0,119729.0,118548.0,119062.0,13814500,BVSP
2022-03-28,118738.0,118738.0,119444.0,118061.0,119082.0,9167700,BVSP
2022-03-29,120014.0,120014.0,120900.0,118740.0,118740.0,12931900,BVSP
2022-03-30,120260.0,120260.0,120531.0,119775.0,120013.0,10893300,BVSP
2022-03-31,119999.0,119999.0,120880.0,119999.0,120261.0,11202100,BVSP
2022-04-01,121570.0,121570.0,121579.0,120001.0,120001.0,13780900,BVSP
2022-04-04,121280.0,121280.0,121570.0,120754.0,121569.0,8812500,BVSP
2022-04-05,118885.0,118885.0,121628.0,118794.0,121279.0,11788300,BVSP
2022-04-06,118228.0,118228.0,118885.0,116791.0,118885.0,13410800,BVSP
2022-04-07,118862.0,118862.0,119247.0,117509.0,118226.0,11520100,BVSP
2022-04-08,118322.0,118322.0,118868.0,117487.0,118861.0,11225800,BVSP
2022-04-11,116953.0,116953.0,118320.0,116953.0,118320.0,9558400,BVSP
2022-04-12,116147.0,116147.0,118615.0,116054.0,116963.0,11406800,BVSP
2022-04-13,116782.0,116782.0,117329.0,116150.0,116150.0,12070500,BVSP
2022-04-14,116182.0,116182.0,116781.0,115624.0,116781.0,10365400,BVSP
2022-04-18,115687.0,115687.0,116191.0,115177.0,116182.0,8404900,BVSP
2022-04-19,115057.0,115057.0,115687.0,114277.0,115687.0,0,BVSP
2022-04-20,114344.0,114344.0,115057.0,113945.0,115057.0,10747700,BVSP
2022-04-22,111078.0,111078.0,114343.0,110591.0,114343.0,10877300,BVSP
2022-04-25,110685.0,110685.0,111155.0,109222.0,111077.0,11098300,BVSP
2022-04-26,108213.0,108213.0,110685.0,107978.0,110684.0,11747500,BVSP
2022-04-27,109349.0,109349.0,110107.0,108214.0,108214.0,11515700,BVSP
2022-04-28,109919.0,109919.0,110702.0,108905.0,109349.0,11129900,BVSP
2022-04-29,107876.0,107876.0,111819.0,107876.0,109922.0,13662200,BVSP
2022-05-02,106639.0,106639.0,107884.0,105218.0,107876.0,11935100,BVSP
2022-05-03,106528.0,106528.0,107127.0,106033.0,106640.0,9935500,BVSP
2022-05-04,108344.0,108344.0,108382.0,104933.0,106529.0,14558600,BVSP
2022-05-05,105304.0,105304.0,108337.0,103923.0,108337.0,13826200,BVSP
2022-05-06,105135.0,105135.0,106268.0,103984.0,105303.0,14137700,BVSP
2022-05-09,103250.0,103250.0,105109.0,102768.0,105109.0,13196700,BVSP
2022-05-10,103110.0,103110.0,104286.0,102386.0,103251.0,13507400,BVSP
2022-05-11,104397.0,104397.0,105374.0,103008.0,103110.0,13425100,BVSP
2022-05-12,105688.0,105688.0,105708.0,103579.0,104395.0,13995600,BVSP
2022-05-13,106924.0,106924.0,107773.0,105691.0,105691.0,12369300,BVSP
2022-05-16,108233.0,108233.0,108685.0,108199.0,108685.0,10596900,BVSP
2022-05-17,108789.0,108789.0,109774.0,108245.0,108246.0,16503400,BVSP
2022-05-18,106247.0,106247.0,108096.0,106038.0,107903.0,14752800,BVSP
2022-05-19,107005.0,107005.0,107420.0,105760.0,106249.0,11426400,BVSP
2022-05-20,108488.0,108488.0,108795.0,107351.0,108520.0,12866400,BVSP
2022-05-23,110346.0,110346.0,110680.0,108500.0,108500.0,10682700,BVSP
2022-05-24,110581.0,110581.0,110635.0,108399.0,110340.0,11724400,BVSP
2022-05-25,110580.0,110580.0,111006.0,109699.0,110085.0,10737700,BVSP
2022-05-26,111890.0,111890.0,112102.0,110388.0,110577.0,13077400,BVSP
2022-05-27,111942.0,111942.0,112441.0,111558.0,111890.0,9979300,BVSP
2022-05-30,111032.0,111032.0,112690.0,110655.0,111944.0,7284500,BVSP
2022-05-31,111351.0,111351.0,111903.0,110685.0,111036.0,15809400,BVSP
2022-06-01,111360.0,111360.0,111931.0,110822.0,111351.0,9790200,BVSP
2022-06-02,112393.0,112393.0,112709.0,111218.0,111363.0,10051100,BVSP
2022-06-03,111102.0,111102.0,112392.0,110935.0,112392.0,8757500,BVSP
2022-06-06,110186.0,110186.0,111935.0,110015.0,111102.0,8212400,BVSP
2022-06-07,110070.0,110070.0,110435.0,109394.0,110185.0,9466200,BVSP
2022-06-08,108368.0,108368.0,110142.0,108045.0,110067.0,10379900,BVSP
2022-06-09,107094.0,107094.0,108510.0,107068.0,108367.0,11955500,BVSP
2022-06-10,105481.0,105481.0,107092.0,104648.0,107091.0,12840500,BVSP
2022-06-13,102598.0,102598.0,105478.0,101700.0,105476.0,13837900,BVSP
2022-06-14,102063.0,102063.0,103328.0,101325.0,102598.0,11563200,BVSP
2022-06-15,102807.0,102807.0,103952.0,102046.0,102068.0,16023500,BVSP
2022-06-17,99825.0,99825.0,102801.0,98402.0,102800.0,18927300,BVSP
2022-06-20,99853.0,99853.0,100481.0,98409.0,99824.0,10900800,BVSP
2022-06-21,99685.0,99685.0,101069.0,99167.0,99854.0,11072300,BVSP
2022-06-22,99522.0,99522.0,100374.0,98050.0,99678.0,11675100,BVSP
2022-06-23,98080.0,98080.0,100232.0,97775.0,99523.0,12397700,BVSP
2022-06-24,98672.0,98672.0,99313.0,98031.0,98081.0,10345200,BVSP
2022-06-27,100764.0,100764.0,101106.0,98672.0,98673.0,9895900,BVSP
2022-06-28,100591.0,100591.0,102237.0,99956.0,100766.0,10493900,BVSP
2022-06-29,99622.0,99622.0,101313.0,99218.0,100592.0,10448100,BVSP
2022-06-30,98542.0,98542.0,99619.0,97758.0,99619.0,14588800,BVSP
2022-07-01,98954.0,98954.0,99340.0,97231.0,98542.0,11609800,BVSP
2022-07-04,98609.0,98609.0,99353.0,98264.0,98952.0,6279300,BVSP
2022-07-05,98295.0,98295.0,98608.0,96499.0,98608.0,13358800,BVSP
2022-07-06,98719.0,98719.0,99141.0,97423.0,98294.0,13348200,BVSP
2022-07-07,100730.0,100730.0,101420.0,98722.0,98722.0,12696300,BVSP
2022-07-08,100289.0,100289.0,101577.0,99958.0,100732.0,9730400,BVSP
2022-07-11,98212.0,98212.0,100282.0,97854.0,100282.0,8893400,BVSP
2022-07-12,98271.0,98271.0,98737.0,97253.0,98212.0,12566300,BVSP
2022-07-13,97881.0,97881.0,98928.0,97403.0,98258.0,12208100,BVSP
2022-07-14,96121.0,96121.0,97879.0,95431.0,97879.0,12579000,BVSP
2022-07-15,96551.0,96551.0,96971.0,95267.0,96119.0,11347600,BVSP
2022-07-18,96916.0,96916.0,98291.0,96553.0,96553.0,10738200,BVSP
2022-07-19,98245.0,98245.0,98346.0,96917.0,96920.0,10295900,BVSP
2022-07-20,98287.0,98287.0,98366.0,97277.0,98244.0,12941700,BVSP
2022-07-21,99033.0,99033.0,99057.0,97088.0,98286.0,10060000,BVSP
2022-07-22,98925.0,98925.0,99724.0,98321.0,99034.0,10033500,BVSP
2022-07-25,100270.0,100270.0,100508.0,98925.0,98926.0,8621800,BVSP
2022-07-26,99772.0,99772.0,100753.0,99365.0,100270.0,9136600,BVSP
2022-07-27,101438.0,101438.0,101471.0,99772.0,99773.0,10263100,BVSP
2022-07-28,102597.0,102597.0,102686.0,101045.0,101437.0,11130000,BVSP
2022-07-29,103165.0,103165.0,103989.0,102514.0,102597.0,12934200,BVSP
2022-08-01,102225.0,102225.0,103317.0,101764.0,103165.0,11626700,BVSP
2022-08-02,103362.0,103362.0,103660.0,101694.0,102225.0,10124500,BVSP
2022-08-03,103775.0,103775.0,103878.0,102822.0,103362.0,12379600,BVSP
2022-08-04,105892.0,105892.0,106162.0,103777.0,103777.0,15499000,BVSP
2022-08-05,106472.0,106472.0,107176.0,105518.0,105893.0,12947500,BVSP
2022-08-08,108402.0,108402.0,108489.0,106473.0,106473.0,12674600,BVSP
2022-08-09,108651.0,108651.0,109331.0,107842.0,108403.0,12147900,BVSP
2022-08-10,110236.0,110236.0,110362.0,108657.0,108658.0,13376200,BVSP
2022-08-11,109718.0,109718.0,111310.0,109604.0,110236.0,14944800,BVSP
2022-08-12,112764.0,112764.0,112764.0,109718.0,109718.0,18704900,BVSP
2022-08-15,113032.0,113032.0,113214.0,111067.0,112767.0,15552900,BVSP
2022-08-16,113512.0,113512.0,113626.0,112690.0,113034.0,12986400,BVSP
2022-08-17,113708.0,113708.0,114146.0,112483.0,113508.0,14652800,BVSP
2022-08-18,113813.0,113813.0,114375.0,113304.0,113708.0,10644200,BVSP
2022-08-19,111496.0,111496.0,113807.0,111146.0,113807.0,12678600,BVSP
2022-08-22,110501.0,110501.0,111487.0,109858.0,111487.0,11010900,BVSP
2022-08-23,112857.0,112857.0,112965.0,110503.0,110504.0,11892000,BVSP
2022-08-24,112898.0,112898.0,113888.0,112632.0,112856.0,13758600,BVSP
2022-08-25,113532.0,113532.0,114156.0,112768.0,112898.0,11838500,BVSP
2022-08-26,112299.0,112299.0,114091.0,111978.0,113533.0,11159700,BVSP
2022-08-29,112323.0,112323.0,113222.0,111689.0,112296.0,9795800,BVSP
2022-08-30,110431.0,110431.0,112869.0,110103.0,112323.0,11937900,BVSP
2022-08-31,109523.0,109523.0,111364.0,109523.0,110431.0,14791100,BVSP
2022-09-01,110405.0,110405.0,110405.0,108217.0,109524.0,14478000,BVSP
2022-09-02,110864.0,110864.0,112264.0,110409.0,110409.0,16691800,BVSP
2022-09-05,112203.0,112203.0,112671.0,110865.0,110868.0,9515500,BVSP
2022-09-06,109764.0,109764.0,112203.0,109348.0,112203.0,14296100,BVSP
2022-09-08,109916.0,109916.0,110768.0,108619.0,109771.0,13759500,BVSP
2022-09-09,112300.0,112300.0,112540.0,109922.0,109922.0,12155200,BVSP
2022-09-12,113407.0,113407.0,114160.0,112305.0,112307.0,11707100,BVSP
2022-09-13,110794.0,110794.0,113400.0,110522.0,113398.0,12612500,BVSP
2022-09-14,110547.0,110547.0,111504.0,110118.0,110794.0,11630900,BVSP
2022-09-15,109954.0,109954.0,111100.0,109524.0,110547.0,11622500,BVSP
2022-09-16,109280.0,109280.0,109952.0,108489.0,109951.0,18843300,BVSP
2022-09-19,111824.0,111824.0,111976.0,108508.0,109283.0,12594800,BVSP
2022-09-20,112517.0,112517.0,112544.0,111393.0,111824.0,12570300,BVSP
2022-09-21,111936.0,111936.0,113294.0,111380.0,112517.0,14726800,BVSP
2022-09-22,114070.0,114070.0,114392.0,111819.0,111942.0,15684400,BVSP
2022-09-23,111716.0,111716.0,112457.0,110732.0,112258.0,13542300,BVSP
2022-09-26,109114.0,109114.0,111713.0,109022.0,111713.0,13127000,BVSP
2022-09-27,108376.0,108376.0,110161.0,108120.0,109122.0,14517500,BVSP
2022-09-28,108451.0,108451.0,108970.0,107914.0,108377.0,13540500,BVSP
2022-09-29,107664.0,107664.0,108449.0,106244.0,108449.0,14588500,BVSP
2022-09-30,110037.0,110037.0,110502.0,107315.0,107664.0,16536300,BVSP
2022-10-03,116134.0,116134.0,116134.0,110048.0,110048.0,20982900,BVSP
2022-10-04,116230.0,116230.0,118280.0,115837.0,116704.0,16078700,BVSP
2022-10-05,117198.0,117198.0,117514.0,115906.0,116231.0,13555200,BVSP
2022-10-06,117561.0,117561.0,118382.0,117144.0,117200.0,14520500,BVSP
2022-10-07,116375.0,116375.0,117960.0,115924.0,117560.0,13616500,BVSP
2022-10-10,115941.0,115941.0,116841.0,115261.0,116377.0,11429900,BVSP
2022-10-11,114827.0,114827.0,115928.0,114297.0,115928.0,13137900,BVSP
2022-10-13,114300.0,114300.0,115367.0,112690.0,114819.0,14583700,BVSP
2022-10-14,112072.0,112072.0,114712.0,111631.0,114301.0,13096100,BVSP
2022-10-17,113624.0,113624.0,114406.0,112090.0,112107.0,11633000,BVSP
2022-10-18,115743.0,115743.0,115795.0,113627.0,113627.0,14744200,BVSP
2022-10-19,116274.0,116274.0,116459.0,115264.0,115744.0,12729900,BVSP
2022-10-20,117171.0,117171.0,117367.0,116276.0,116276.0,16915800,BVSP
2022-10-21,119929.0,119929.0,120752.0,116736.0,117170.0,18579800,BVSP
2022-10-24,116013.0,116013.0,119924.0,115793.0,119922.0,13278800,BVSP
2022-10-25,114626.0,114626.0,116203.0,114626.0,116016.0,14727200,BVSP
2022-10-26,112764.0,112764.0,114626.0,112577.0,114626.0,16088200,BVSP
2022-10-27,114641.0,114641.0,116236.0,112765.0,112766.0,15530800,BVSP
2022-10-28,114539.0,114539.0,114712.0,113336.0,114636.0,14392400,BVSP
2022-10-31,116037.0,116037.0,116763.0,112113.0,114533.0,21637900,BVSP
2022-11-01,116929.0,116929.0,118261.0,115547.0,116037.0,17969700,BVSP
2022-11-03,116896.0,116896.0,117373.0,114485.0,116927.0,15634600,BVSP
2022-11-04,118155.0,118155.0,120039.0,116904.0,116907.0,16209500,BVSP
2022-11-07,115342.0,115342.0,118240.0,115266.0,118148.0,15221900,BVSP
2022-11-08,116160.0,116160.0,117072.0,114688.0,115340.0,14239800,BVSP
2022-11-09,113580.0,113580.0,116183.0,113110.0,116153.0,20531600,BVSP
2022-11-10,109775.0,109775.0,113579.0,108516.0,113579.0,26029300,BVSP
2022-11-11,112253.0,112253.0,113010.0,109408.0,109775.0,25038700,BVSP
2022-11-14,113161.0,113161.0,114322.0,111930.0,112256.0,15080400,BVSP
2022-11-16,110243.0,110243.0,113473.0,109512.0,113166.0,18351000,BVSP
2022-11-17,109703.0,109703.0,110242.0,107245.0,110241.0,23119600,BVSP
2022-11-18,108880.0,108880.0,111585.0,108512.0,109706.0,18769100,BVSP
2022-11-21,109748.0,109748.0,110235.0,107957.0,108868.0,16651600,BVSP
2022-11-22,109037.0,109037.0,110224.0,107867.0,109750.0,15056500,BVSP
2022-11-23,108683.0,108683.0,109285.0,107902.0,109036.0,13198400,BVSP
2022-11-24,111831.0,111831.0,112612.0,108846.0,108846.0,10296900,BVSP
2022-11-25,108977.0,108977.0,112025.0,108552.0,111831.0,12309100,BVSP
2022-11-28,108782.0,108782.0,109476.0,108378.0,108977.0,11492600,BVSP
2022-11-29,110910.0,110910.0,112187.0,108784.0,108784.0,14721700,BVSP
2022-11-30,112486.0,112486.0,112486.0,110202.0,110910.0,19703200,BVSP
2022-12-01,110926.0,110926.0,112479.0,110548.0,112479.0,15193700,BVSP
2022-12-02,111924.0,111924.0,113761.0,109963.0,110926.0,15982000,BVSP
2022-12-05,109401.0,109401.0,112150.0,109270.0,111922.0,12308400,BVSP
2022-12-06,109533.0,109533.0,110663.0,109217.0,109403.0,13437500,BVSP
2022-12-07,109361.0,109361.0,110247.0,108612.0,110188.0,13825300,BVSP
2022-12-08,107245.0,107245.0,109286.0,106906.0,109068.0,14921000,BVSP
2022-12-09,107689.0,107689.0,108566.0,107089.0,107250.0,10676300,BVSP
2022-12-12,105264.0,105264.0,107561.0,103877.0,107518.0,15481900,BVSP
2022-12-13,103892.0,103892.0,106689.0,103409.0,105345.0,17702200,BVSP
2022-12-14,103803.0,103803.0,104516.0,101632.0,103536.0,24923500,BVSP
2022-12-15,103738.0,103738.0,105483.0,103014.0,103739.0,15568200,BVSP
2022-12-16,102825.0,102825.0,104018.0,102248.0,103737.0,18255000,BVSP
2022-12-19,104530.0,104530.0,105107.0,102770.0,102859.0,16773400,BVSP
2022-12-20,106979.0,106979.0,107792.0,104607.0,104740.0,19125600,BVSP
2022-12-21,107313.0,107313.0,107991.0,106066.0,106866.0,17634900,BVSP
2022-12-22,107317.0,107317.0,108383.0,106510.0,107436.0,11494600,BVSP
2022-12-23,109698.0,109698.0,109994.0,107552.0,107552.0,12847100,BVSP
2022-12-26,108738.0,108738.0,109755.0,108309.0,109699.0,5219500,BVSP
2022-12-27,108347.0,108347.0,109353.0,107418.0,108739.0,11158100,BVSP
2022-12-28,110237.0,110237.0,110536.0,108578.0,108578.0,11193900,BVSP
2022-12-29,110031.0,110031.0,111178.0,109560.0,110237.0,13389100,BVSP
2023-01-02,106376.0,106376.0,109734.0,105981.0,109734.0,8130500,BVSP
2023-01-03,104166.0,104166.0,106684.0,103852.0,106377.0,14466700,BVSP
2023-01-04,105334.0,105334.0,105627.0,103915.0,104167.0,14451200,BVSP
2023-01-05,107518.0,107518.0,107743.0,105333.0,105336.0,15512000,BVSP
2023-01-06,108836.0,108836.0,109433.0,107642.0,107642.0,12626600,BVSP
2023-01-09,109227.0,109227.0,109938.0,108134.0,108964.0,12047300,BVSP
2023-01-10,110912.0,110912.0,111193.0,108478.0,109129.0,13697900,BVSP
2023-01-11,111763.0,111763.0,111841.0,110752.0,110816.0,14461400,BVSP
2023-01-12,111877.0,111877.0,113129.0,110982.0,112516.0,19839100,BVSP
2023-01-13,110916.0,110916.0,111847.0,110428.0,111843.0,15939000,BVSP
2023-01-16,109213.0,109213.0,110908.0,108753.0,110908.0,12512400,BVSP
2023-01-17,111439.0,111439.0,111577.0,109214.0,109214.0,14363200,BVSP
2023-01-18,112452.0,112452.0,113306.0,111441.0,111442.0,14128600,BVSP
2023-01-19,113006.0,113006.0,113172.0,111307.0,112219.0,15594300,BVSP
2023-01-20,112301.0,112301.0,113025.0,111735.0,112922.0,15436600,BVSP
2023-01-23,111709.0,111709.0,113061.0,111542.0,112041.0,13701000,BVSP
2023-01-24,113028.0,113028.0,113040.0,111669.0,111746.0,11551500,BVSP
2023-01-25,114195.0,114195.0,114386.0,111927.0,113028.0,11413000,BVSP
2023-01-26,114109.0,114109.0,114835.0,113591.0,114271.0,10920800,BVSP
2023-01-27,112502.0,112502.0,114191.0,112044.0,114178.0,10614500,BVSP
2023-01-30,111888.0,111888.0,112920.0,111824.0,112319.0,11272700,BVSP
2023-01-31,113532.0,113532.0,113581.0,112145.0,112273.0,12900200,BVSP
2023-02-01,112303.0,112303.0,113598.0,110729.0,113430.0,17821500,BVSP
2023-02-02,109935.0,109935.0,112943.0,109747.0,112072.0,15241800,BVSP
2023-02-03,108490.0,108490.0,110570.0,108185.0,110141.0,13235300,BVSP
2023-02-06,108456.0,108456.0,108710.0,107416.0,108518.0,11514600,BVSP
2023-02-07,107920.0,107920.0,109037.0,107234.0,108727.0,12956300,BVSP
2023-02-08,109882.0,109882.0,110175.0,107830.0,107832.0,13837000,BVSP
2023-02-09,107783.0,107783.0,110046.0,107781.0,109952.0,12956000,BVSP
2023-02-10,108150.0,108150.0,108647.0,107620.0,108002.0,14458000,BVSP
2023-02-13,108846.0,108846.0,109193.0,107420.0,108074.0,9973600,BVSP
2023-02-14,107659.0,107659.0,109564.0,107557.0,108839.0,11894600,BVSP
2023-02-15,109442.0,109442.0,110210.0,107267.0,107849.0,15499500,BVSP
2023-02-16,109905.0,109905.0,110437.0,108378.0,109599.0,12995900,BVSP
2023-02-17,109303.0,109303.0,109941.0,108968.0,109941.0,10058400,BVSP
2023-02-22,107152.0,107152.0,109174.0,106720.0,109174.0,9356400,BVSP
2023-02-23,107720.0,107720.0,108663.0,106731.0,107152.0,11459000,BVSP
2023-02-24,105873.0,105873.0,107611.0,105360.0,107582.0,10221100,BVSP
2023-02-27,105711.0,105711.0,106402.0,105227.0,105807.0,9570700,BVSP
2023-02-28,104932.0,104932.0,106794.0,104932.0,105706.0,15672400,BVSP
2023-03-01,104385.0,104385.0,105497.0,103105.0,104933.0,19853000,BVSP
2023-03-02,103326.0,103326.0,104912.0,103321.0,104375.0,14738800,BVSP
2023-03-03,103866.0,103866.0,104440.0,103323.0,103326.0,13101500,BVSP
2023-03-06,104700.0,104700.0,105171.0,103170.0,103865.0,14277800,BVSP
2023-03-07,104228.0,104228.0,105179.0,103480.0,104700.0,12578200,BVSP
2023-03-08,106540.0,106540.0,106721.0,104228.0,104228.0,15904100,BVSP
2023-03-09,105071.0,105071.0,106724.0,105053.0,106540.0,19174300,BVSP
2023-03-10,103618.0,103618.0,105071.0,103201.0,105071.0,17952200,BVSP
2023-03-13,103121.0,103121.0,103907.0,102255.0,103608.0,12993800,BVSP
2023-03-14,102932.0,102932.0,104153.0,102482.0,103121.0,13133800,BVSP
2023-03-15,102675.0,102675.0,103048.0,100692.0,102930.0,15246500,BVSP
2023-03-16,103435.0,103435.0,103911.0,102455.0,102683.0,14385800,BVSP
2023-03-17,101982.0,101982.0,103434.0,101664.0,103434.0,17560000,BVSP
2023-03-20,100923.0,100923.0,102328.0,100679.0,101982.0,0,BVSP
2023-03-21,100998.0,100998.0,101670.0,100923.0,100923.0,9672100,BVSP
2023-03-22,100221.0,100221.0,101888.0,100129.0,100998.0,11504600,BVSP
2023-03-23,97926.0,97926.0,101126.0,96997.0,100221.0,0,BVSP
2023-03-24,98829.0,98829.0,99258.0,97688.0,97926.0,0,BVSP
2023-03-27,99670.0,99670.0,99997.0,98833.0,98833.0,9990600,BVSP
2023-03-28,101185.0,101185.0,101559.0,99488.0,99672.0,13500100,BVSP
2023-03-29,101793.0,101793.0,102213.0,100248.0,101185.0,12456100,BVSP
2023-03-30,103713.0,103713.0,104085.0,101796.0,101796.0,14901600,BVSP
2023-03-31,101882.0,101882.0,104041.0,101476.0,103714.0,15111200,BVSP
2023-04-03,101506.0,101506.0,101916.0,100651.0,101883.0,12794800,BVSP
2023-04-04,101869.0,101869.0,103056.0,101505.0,101505.0,11695800,BVSP
2023-04-05,100978.0,100978.0,101960.0,99898.0,101869.0,13256500,BVSP
2023-04-06,100822.0,100822.0,101628.0,100443.0,100978.0,9818500,BVSP
2023-04-10,101847.0,101847.0,102196.0,100819.0,100822.0,8148700,BVSP
2023-04-11,106214.0,106214.0,106455.0,101848.0,101849.0,18725700,BVSP
2023-04-12,106890.0,106890.0,108277.0,106217.0,106218.0,17345500,BVSP
2023-04-13,106458.0,106458.0,107037.0,106220.0,106890.0,12182900,BVSP
2023-04-14,106279.0,106279.0,106701.0,104934.0,106458.0,11501000,BVSP
2023-04-17,106016.0,106016.0,106830.0,105623.0,106279.0,10253400,BVSP
2023-04-18,106163.0,106163.0,106475.0,105122.0,106023.0,11207900,BVSP
2023-04-19,103913.0,103913.0,106149.0,103604.0,106149.0,12713600,BVSP
2023-04-20,104367.0,104367.0,104615.0,103087.0,103913.0,12378000,BVSP
2023-04-24,103947.0,103947.0,104822.0,103247.0,104367.0,10935400,BVSP
2023-04-25,103220.0,103220.0,103947.0,102633.0,103947.0,10873200,BVSP
2023-04-26,102312.0,102312.0,103668.0,102233.0,103220.0,10115500,BVSP
2023-04-27,102923.0,102923.0,103177.0,101975.0,102310.0,11302800,BVSP
2023-04-28,104432.0,104432.0,104432.0,102449.0,102923.0,13080900,BVSP
2023-05-02,101927.0,101927.0,104447.0,101569.0,104431.0,12018000,BVSP
2023-05-03,101797.0,101797.0,102331.0,101433.0,101927.0,11688200,BVSP
2023-05-04,102174.0,102174.0,103321.0,101063.0,101798.0,14837300,BVSP
2023-05-05,105148.0,105148.0,105306.0,102175.0,102175.0,16699500,BVSP
2023-05-08,106042.0,106042.0,106716.0,105161.0,105161.0,13259200,BVSP
2023-05-09,107114.0,107114.0,107731.0,105549.0,106028.0,13526600,BVSP
2023-05-10,107448.0,107448.0,107744.0,106538.0,107114.0,13576900,BVSP
2023-05-11,108256.0,108256.0,108667.0,106419.0,107446.0,12772100,BVSP
2023-05-12,108464.0,108464.0,108817.0,107497.0,108256.0,11925000,BVSP
2023-05-15,109029.0,109029.0,109271.0,108356.0,108469.0,11603200,BVSP
2023-05-16,108194.0,108194.0,110151.0,108085.0,109029.0,16897300,BVSP
2023-05-17,109460.0,109460.0,109774.0,108188.0,108194.0,13993000,BVSP
2023-05-18,110108.0,110108.0,110206.0,108864.0,109459.0,13613100,BVSP
2023-05-19,110745.0,110745.0,111211.0,109787.0,110113.0,16135800,BVSP
2023-05-22,110213.0,110213.0,111643.0,110178.0,110745.0,11769400,BVSP
2023-05-23,109929.0,109929.0,111325.0,109713.0,110213.0,12334800,BVSP
2023-05-24,108800.0,108800.0,109920.0,108546.0,109920.0,12980200,BVSP
2023-05-25,110054.0,110054.0,111115.0,108800.0,108800.0,14745300,BVSP
2023-05-26,110906.0,110906.0,111706.0,109900.0,110058.0,11019700,BVSP
2023-05-29,110333.0,110333.0,111168.0,110195.0,110906.0,5913000,BVSP
2023-05-30,108967.0,108967.0,111291.0,108552.0,110333.0,11588000,BVSP
2023-05-31,108335.0,108335.0,109137.0,108193.0,108967.0,15861100,BVSP
2023-06-01,110565.0,110565.0,110745.0,108335.0,108339.0,14669000,BVSP
2023-06-02,112558.0,112558.0,113070.0,110567.0,110568.0,14545800,BVSP
2023-06-05,112696.0,112696.0,113071.0,111736.0,112558.0,9078800,BVSP
2023-06-06,114610.0,114610.0,114783.0,112696.0,112697.0,15025400,BVSP
2023-06-07,115488.0,115488.0,115978.0,114610.0,114610.0,14017100,BVSP
2023-06-09,117019.0,117019.0,117603.0,115489.0,115489.0,13527100,BVSP
2023-06-12,117336.0,117336.0,117735.0,116704.0,117022.0,12016200,BVSP
2023-06-13,116743.0,116743.0,117924.0,116363.0,117337.0,12392200,BVSP
2023-06-14,119069.0,119069.0,119085.0,116745.0,116753.0,16938600,BVSP
2023-06-15,119221.0,119221.0,119686.0,118693.0,119068.0,12298000,BVSP
2023-06-16,118758.0,118758.0,119555.0,118487.0,119208.0,15251700,BVSP
2023-06-19,119858.0,119858.0,119939.0,118558.0,118757.0,6776300,BVSP
2023-06-20,119622.0,119622.0,119858.0,118416.0,119858.0,10924200,BVSP
2023-06-21,120420.0,120420.0,120519.0,119332.0,119623.0,11736700,BVSP
2023-06-22,118934.0,118934.0,120420.0,118018.0,120420.0,11831500,BVSP
2023-06-23,118977.0,118977.0,119386.0,118178.0,118959.0,12845400,BVSP
2023-06-26,118243.0,118243.0,119148.0,117491.0,118977.0,10456600,BVSP
2023-06-27,117523.0,117523.0,119212.0,116561.0,118246.0,13077000,BVSP
2023-06-28,116681.0,116681.0,117937.0,116560.0,117524.0,10646300,BVSP
2023-06-29,118383.0,118383.0,118623.0,116683.0,116683.0,11055300,BVSP
2023-06-30,118087.0,118087.0,119447.0,118087.0,118388.0,13824700,BVSP
2023-07-03,119673.0,119673.0,119877.0,118092.0,118092.0,8907500,BVSP
2023-07-04,119076.0,119076.0,119678.0,118830.0,119673.0,6555200,BVSP
2023-07-05,119549.0,119549.0,120200.0,118688.0,119072.0,10959000,BVSP
2023-07-06,117426.0,117426.0,119548.0,117096.0,119548.0,11025700,BVSP
2023-07-07,118898.0,118898.0,119549.0,117427.0,117427.0,10521000,BVSP
2023-07-10,117942.0,117942.0,118897.0,117814.0,118897.0,8104000,BVSP
2023-07-11,117220.0,117220.0,117942.0,115704.0,117942.0,10592500,BVSP
2023-07-12,117666.0,117666.0,119156.0,117557.0,117557.0,8941200,BVSP
2023-07-13,119264.0,119264.0,119739.0,117668.0,117671.0,9257600,BVSP
2023-07-14,117711.0,117711.0,119329.0,117526.0,119268.0,8980000,BVSP
2023-07-17,118219.0,118219.0,118302.0,116591.0,117711.0,8201900,BVSP
2023-07-18,117841.0,117841.0,118732.0,117324.0,118218.0,8584800,BVSP
2023-07-19,117552.0,117552.0,118011.0,116660.0,117842.0,9728700,BVSP
2023-07-20,118083.0,118083.0,118290.0,117484.0,117558.0,8986400,BVSP
2023-07-21,120217.0,120217.0,120373.0,118086.0,118090.0,11181500,BVSP
2023-07-24,121342.0,121342.0,121772.0,120099.0,120220.0,10494800,BVSP
2023-07-25,122008.0,122008.0,123010.0,121344.0,121344.0,11427100,BVSP
2023-07-26,122560.0,122560.0,122747.0,121370.0,122003.0,9988800,BVSP
2023-07-27,119990.0,119990.0,122599.0,119825.0,122560.0,10678700,BVSP
2023-07-28,120187.0,120187.0,120660.0,119706.0,120002.0,8464200,BVSP
2023-07-31,121943.0,121943.0,122149.0,120188.0,120188.0,10122700,BVSP
2023-08-01,121248.0,121248.0,121945.0,120154.0,121945.0,10302800,BVSP
2023-08-02,120859.0,120859.0,121252.0,119798.0,121249.0,10565900,BVSP
2023-08-03,120586.0,120586.0,122619.0,120365.0,120859.0,13027300,BVSP
2023-08-04,119508.0,119508.0,121442.0,119215.0,120586.0,15065200,BVSP
2023-08-07,119380.0,119380.0,120104.0,118894.0,119509.0,8726500,BVSP
2023-08-08,119090.0,119090.0,119553.0,117492.0,119378.0,10246000,BVSP
2023-08-09,118409.0,118409.0,119090.0,117901.0,119090.0,11245600,BVSP
2023-08-10,118350.0,118350.0,119438.0,118113.0,118412.0,12689600,BVSP
2023-08-11,118065.0,118065.0,119054.0,117415.0,118350.0,11867500,BVSP
2023-08-14,116810.0,116810.0,118082.0,116530.0,118067.0,11203500,BVSP
2023-08-15,116171.0,116171.0,117697.0,116033.0,116809.0,14636000,BVSP
2023-08-16,115592.0,115592.0,117338.0,115534.0,116171.0,18862600,BVSP
2023-08-17,114982.0,114982.0,116610.0,114859.0,115592.0,12747500,BVSP
2023-08-18,115409.0,115409.0,115729.0,114423.0,114973.0,10601000,BVSP
2023-08-21,114429.0,114429.0,115425.0,114067.0,115404.0,9794400,BVSP
2023-08-22,116156.0,116156.0,116286.0,114433.0,114433.0,9828500,BVSP
2023-08-23,118135.0,118135.0,118135.0,116159.0,116160.0,11542800,BVSP
2023-08-24,117026.0,117026.0,118136.0,116848.0,118135.0,9196200,BVSP
2023-08-25,115837.0,115837.0,117252.0,115397.0,117025.0,9214100,BVSP
2023-08-28,117121.0,117121.0,117253.0,115836.0,115838.0,9596900,BVSP
2023-08-29,118404.0,118404.0,118493.0,117124.0,117124.0,9631600,BVSP
2023-08-30,117535.0,117535.0,118841.0,117471.0,118404.0,8924000,BVSP
2023-08-31,115742.0,115742.0,117637.0,115742.0,117537.0,12950000,BVSP
2023-09-01,117893.0,117893.0,117991.0,115744.0,115744.0,11890700,BVSP
2023-09-04,117777.0,117777.0,118576.0,117590.0,117893.0,5529700,BVSP
2023-09-05,117331.0,117331.0,117957.0,116637.0,117776.0,10870700,BVSP
2023-09-06,115985.0,115985.0,117971.0,115984.0,117331.0,9916100,BVSP
2023-09-08,115313.0,115313.0,115979.0,114839.0,115979.0,8360700,BVSP
2023-09-11,116883.0,116883.0,117131.0,115316.0,115316.0,8789000,BVSP
2023-09-12,117968.0,117968.0,118154.0,116885.0,116885.0,9192800,BVSP
2023-09-13,118176.0,118176.0,119318.0,117722.0,117968.0,12075300,BVSP
2023-09-14,119392.0,119392.0,119748.0,118181.0,118181.0,13279300,BVSP
2023-09-15,118758.0,118758.0,119780.0,118666.0,119393.0,16107600,BVSP
2023-09-18,118288.0,118288.0,119486.0,118123.0,118759.0,11273100,BVSP
2023-09-19,117846.0,117846.0,118458.0,117628.0,118293.0,11453800,BVSP
2023-09-20,118695.0,118695.0,119616.0,117847.0,117864.0,9238800,BVSP
2023-09-21,116145.0,116145.0,118695.0,116013.0,118695.0,12685800,BVSP
2023-09-22,116009.0,116009.0,116968.0,115855.0,116147.0,9443500,BVSP
2023-09-25,115925.0,115925.0,116031.0,115573.0,116009.0,9580000,BVSP
2023-09-26,114193.0,114193.0,115922.0,114162.0,115922.0,11241800,BVSP
2023-09-27,114327.0,114327.0,115340.0,113366.0,114194.0,13359300,BVSP
2023-09-28,115731.0,115731.0,115954.0,114811.0,114875.0,10387000,BVSP
2023-09-29,116565.0,116565.0,116899.0,115742.0,115742.0,11143200,BVSP
2023-10-02,115057.0,115057.0,116672.0,114761.0,116565.0,8524900,BVSP
2023-10-03,113419.0,113419.0,115056.0,113151.0,115055.0,11104800,BVSP
2023-10-04,113607.0,113607.0,114075.0,113036.0,113430.0,10813800,BVSP
2023-10-05,113284.0,113284.0,114359.0,112705.0,113609.0,9507200,BVSP
2023-10-06,114170.0,114170.0,114491.0,111599.0,113283.0,13138200,BVSP
2023-10-09,115156.0,115156.0,115219.0,113448.0,114169.0,9474400,BVSP
2023-10-10,116737.0,116737.0,116900.0,115158.0,115158.0,11621500,BVSP
2023-10-11,117051.0,117051.0,117099.0,116231.0,116737.0,9949800,BVSP
2023-10-13,115754.0,115754.0,117070.0,115658.0,117050.0,10609300,BVSP
2023-10-16,116534.0,116534.0,116905.0,115760.0,115760.0,8989900,BVSP
2023-10-17,115908.0,115908.0,116917.0,115564.0,116526.0,10371700,BVSP
2023-10-18,114060.0,114060.0,115907.0,113952.0,115907.0,15492200,BVSP
2023-10-19,114004.0,114004.0,115063.0,113768.0,114059.0,11497600,BVSP
2023-10-20,113155.0,113155.0,114090.0,112533.0,113996.0,11739200,BVSP
2023-10-23,112785.0,112785.0,113680.0,112164.0,113145.0,10701800,BVSP
2023-10-24,113762.0,113762.0,114249.0,112814.0,112814.0,10711800,BVSP
2023-10-25,112830.0,112830.0,114319.0,112680.0,113762.0,12306500,BVSP
2023-10-26,114777.0,114777.0,114886.0,112840.0,112840.0,12770600,BVSP
2023-10-27,113301.0,113301.0,115342.0,112953.0,114777.0,12289500,BVSP
2023-10-30,112532.0,112532.0,114204.0,112309.0,113303.0,9741800,BVSP
2023-10-31,113144.0,113144.0,113597.0,112098.0,112534.0,10557400,BVSP
2023-11-01,115053.0,115053.0,115433.0,113157.0,113157.0,13904100,BVSP
2023-11-03,118160.0,118160.0,118502.0,115062.0,115062.0,15714000,BVSP
2023-11-06,118487.0,118487.0,118758.0,118045.0,118160.0,10167700,BVSP
2023-11-07,119268.0,119268.0,119577.0,118026.0,118422.0,16393100,BVSP
2023-11-08,119099.0,119099.0,119976.0,118464.0,119268.0,15193500,BVSP
2023-11-09,119012.0,119012.0,120257.0,118446.0,119180.0,15568300,BVSP
2023-11-10,120636.0,120636.0,120823.0,119036.0,119036.0,0,BVSP
2023-11-13,120376.0,120376.0,120606.0,119878.0,120561.0,11198000,BVSP
2023-11-14,123328.0,123328.0,123370.0,120411.0,120411.0,19427900,BVSP
2023-11-16,124576.0,124576.0,124737.0,123165.0,123165.0,18355600,BVSP
2023-11-17,125062.0,125062.0,125431.0,124547.0,124639.0,15719100,BVSP
2023-11-20,126095.0,126095.0,126162.0,124773.0,124773.0,11108500,BVSP
2023-11-21,125607.0,125607.0,125957.0,125060.0,125957.0,10793500,BVSP
2023-11-22,126035.0,126035.0,126875.0,125439.0,125626.0,14058500,BVSP
2023-11-23,126576.0,126576.0,126760.0,125764.0,126035.0,7816400,BVSP
2023-11-24,125542.0,125542.0,126553.0,125341.0,126553.0,9613100,BVSP
2023-11-27,125683.0,125683.0,125826.0,124840.0,125517.0,11013800,BVSP
2023-11-28,126538.0,126538.0,126916.0,125388.0,125726.0,12394200,BVSP
2023-11-29,126101.0,126101.0,127388.0,126018.0,126541.0,12417500,BVSP
2023-11-30,127331.0,127331.0,127399.0,126168.0,126168.0,19238400,BVSP
2023-12-01,128103.0,128103.0,128165.0,126656.0,127331.0,13696500,BVSP
2023-12-04,126803.0,126803.0,128183.0,126643.0,128183.0,10270500,BVSP
2023-12-05,126903.0,126903.0,127489.0,126491.0,126802.0,11960300,BVSP
2023-12-06,125623.0,125623.0,127538.0,125614.0,126907.0,10837300,BVSP
2023-12-07,126010.0,126010.0,126581.0,125566.0,125623.0,10505300,BVSP
2023-12-08,127094.0,127094.0,127289.0,125562.0,126010.0,10745300,BVSP
2023-12-11,126916.0,126916.0,127154.0,126526.0,127093.0,7091900,BVSP
2023-12-12,126403.0,126403.0,127359.0,126013.0,126923.0,10266500,BVSP
2023-12-13,129465.0,129465.0,129793.0,126299.0,126406.0,15066200,BVSP
2023-12-14,130842.0,130842.0,131260.0,129469.0,129469.0,15822800,BVSP
2023-12-15,130197.0,130197.0,131661.0,129884.0,130842.0,15141000,BVSP
2023-12-18,131084.0,131084.0,131447.0,130198.0,130202.0,9604400,BVSP
2023-12-19,131851.0,131851.0,132047.0,131086.0,131088.0,9429700,BVSP
2023-12-20,130804.0,130804.0,132341.0,130710.0,131851.0,10335800,BVSP
2023-12-21,132182.0,132182.0,132277.0,130822.0,130826.0,8681000,BVSP
2023-12-22,132753.0,132753.0,133035.0,132094.0,132553.0,8231100,BVSP
2023-12-26,133533.0,133533.0,133645.0,132753.0,132753.0,0,BVSP
2023-12-27,134194.0,134194.0,134195.0,133328.0,133523.0,6168200,BVSP
2023-12-28,134185.0,134185.0,134392.0,133832.0,134194.0,7812700,BVSP
